Workbook

Sheet Dashboard
B2: BoardExamBD — SEO Implementation Tracker
B3: Domain: https://boardexambd.com · Author: BoardExamBD Editorial Team · Last updated: 26 October 2026
B5: Progress
B6: Total indexable pages | C6: =COUNTA(Pages!A2:A100)-COUNTIF(Pages!B2:B100,"Utility")
B7: Done | C7: =COUNTIFS(Pages!B2:B100,"<>Utility",Pages!W2:W100,"Done")
B8: In progress | C8: =COUNTIFS(Pages!B2:B100,"<>Utility",Pages!W2:W100,"In progress")
B9: Not started | C9: =COUNTIFS(Pages!B2:B100,"<>Utility",Pages!W2:W100,"Not started")
B10: Blocked | C10: =COUNTIFS(Pages!B2:B100,"<>Utility",Pages!W2:W100,"Blocked")
B11: % complete | C11: =IFERROR(C7/C6,0)
B13: Coverage by check
B14: Title + description set | C14: =COUNTIFS(Pages!B2:B100,"<>Utility",Pages!E2:E100,"<>",Pages!G2:G100,"<>")
B15: Canonical set | C15: =COUNTIFS(Pages!B2:B100,"<>Utility",Pages!K2:K100,"Yes")
B16: Robots set | C16: =COUNTIFS(Pages!B2:B100,"<>Utility",Pages!L2:L100,"Yes")
B17: Open Graph set | C17: =COUNTIFS(Pages!B2:B100,"<>Utility",Pages!M2:M100,"Yes")
B18: Twitter Card set | C18: =COUNTIFS(Pages!B2:B100,"<>Utility",Pages!N2:N100,"Yes")
B19: JSON-LD set | C19: =COUNTIFS(Pages!B2:B100,"<>Utility",Pages!O2:O100,"Yes")
B20: Breadcrumb set | C20: =COUNTIFS(Pages!B2:B100,"<>Utility",Pages!P2:P100,"Yes")
B21: FAQ where relevant | C21: =COUNTIFS(Pages!B2:B100,"<>Utility",Pages!Q2:Q100,"Yes")
B22: Internal links checked | C22: =COUNTIFS(Pages!B2:B100,"<>Utility",Pages!R2:R100,"Yes")
B23: Sitemap included | C23: =COUNTIFS(Pages!B2:B100,"<>Utility",Pages!S2:S100,"Yes")
B24: Markdown alternate | C24: =COUNTIFS(Pages!B2:B100,"<>Utility",Pages!T2:T100,"Yes")
B25: Local QA passed | C25: =COUNTIFS(Pages!B2:B100,"<>Utility",Pages!U2:U100,"Pass")
B27: Progress by cluster
B28: Cluster | C28: Total | D28: Done | E28: Remaining
B29: Home | C29: =COUNTIF(Pages!C2:C100,"Home") | D29: =COUNTIFS(Pages!C2:C100,"Home",Pages!W2:W100,"Done") | E29: =C29-D29
B30: SSC | C30: =COUNTIF(Pages!C2:C100,"SSC") | D30: =COUNTIFS(Pages!C2:C100,"SSC",Pages!W2:W100,"Done") | E30: =C30-D30
B31: HSC | C31: =COUNTIF(Pages!C2:C100,"HSC") | D31: =COUNTIFS(Pages!C2:C100,"HSC",Pages!W2:W100,"Done") | E31: =C31-D31
B32: Admission | C32: =COUNTIF(Pages!C2:C100,"Admission") | D32: =COUNTIFS(Pages!C2:C100,"Admission",Pages!W2:W100,"Done") | E32: =C32-D32
B33: Blog | C33: =COUNTIF(Pages!C2:C100,"Blog") | D33: =COUNTIFS(Pages!C2:C100,"Blog",Pages!W2:W100,"Done") | E33: =C33-D33
B36: Reminder
B37: Update the status column on the Pages sheet after each page passes local QA. Live QA stays "Pending deploy" until boardexambd.com is live. The 404.html utility page is tracked on Pages but excluded from progress totals and the sitemap.

Sheet Pages
A1: Page | B1: Type | C1: Cluster | D1: URL | E1: Title | F1: Title length | G1: Description | H1: Description length | I1: H1 | J1: H1 count | K1: Canonical | L1: Robots | M1: OG | N1: Twitter | O1: JSON-LD | P1: Breadcrumb | Q1: FAQ | R1: Internal links | S1: Sitemap | T1: Markdown | U1: Local QA | V1: Live QA | W1: Status | X1: Done date | Y1: Next review | Z1: Notes
A2: index.html | B2: Home | C2: Home | D2: https://boardexambd.com/ | E2: SSC, HSC & Admission Notices 2026 | BoardExamBD | F2: =LEN(E2) | G2: Latest SSC, HSC and university admission notices, routines, results and form fill-up dates for Bangladesh — verified and explained simply. | H2: =LEN(G2) | I2: SSC, HSC & Admission Notices and Routines in Bangladesh | J2: 1 | K2: Pending | L2: index, follow | M2: Pending | N2: Pending | O2: WebSite + Organization + WebPage | P2: N/A | Q2: N/A | R2: Pending | S2: Pending | T2: N/A | U2: Pending | V2: Pending deploy | W2: Not started | Y2: 2026-11-15 | Z2: Homepage; no breadcrumb schema.
A3: ssc.html | B3: Category hub | C3: SSC | D3: https://boardexambd.com/ssc | E3: SSC Notices & Routine 2026 — All Boards | BoardExamBD | F3: =LEN(E3) | G3: SSC exam notices, routine, result and form fill-up updates for all Bangladesh education boards — clear dates and official links. | H3: =LEN(G3) | I3: SSC Notices & Routine 2026 | J3: 1 | K3: Pending | L3: index, follow | M3: Pending | N3: Pending | O3: CollectionPage + ItemList + BreadcrumbList + FAQPage | P3: Pending | Q3: Yes | R3: Pending | S3: Pending | T3: N/A | U3: Pending | V3: Pending deploy | W3: Not started | Y3: 2026-11-15 | Z3: Rebuilt hub with verified SSC dates, guide cards, timeline and FAQs.
A4: hsc.html | B4: Category hub | C4: HSC | D4: https://boardexambd.com/hsc | E4: HSC Notices & Routine 2026 — All Boards | BoardExamBD | F4: =LEN(E4) | G4: HSC exam notices, routine, result, form fill-up and practical exam updates for all Bangladesh education boards — explained simply. | H4: =LEN(G4) | I4: HSC Notices & Routine 2026 | J4: 1 | K4: Pending | L4: index, follow | M4: Pending | N4: Pending | O4: CollectionPage + ItemList + BreadcrumbList + FAQPage | P4: Pending | Q4: Yes | R4: Pending | S4: Pending | T4: N/A | U4: Pending | V4: Pending deploy | W4: Not started | Y4: 2026-11-15 | Z4: Rebuilt hub with verified SSC dates, guide cards, timeline and FAQs.
A5: admission.html | B5: Category hub | C5: Admission | D5: https://boardexambd.com/admission | E5: University Admission 2026-27 Notices | BoardExamBD | F5: =LEN(E5) | G5: University admission notices for 2026-27 — DU, BUET, medical, GST, RU, RUET, KU and SUST application dates, tests and requirements. | H5: =LEN(G5) | I5: University Admission Notices 2026-27 | J5: 1 | K5: Pending | L5: index, follow | M5: Pending | N5: Pending | O5: CollectionPage + ItemList + BreadcrumbList + FAQPage | P5: Pending | Q5: Yes | R5: Pending | S5: Pending | T5: N/A | U5: Pending | V5: Pending deploy | W5: Not started | Y5: 2026-11-10 | Z5: Rebuilt hub with verified admission tracker, guide cards and FAQs.
A6: blog.html | B6: Blog hub | C6: Blog | D6: https://boardexambd.com/blog | E6: SSC, HSC & Admission Guides 2026 | BoardExamBD | F6: =LEN(E6) | G6: All BoardExamBD guides — SSC and HSC routines, results, form fill-up, and university admission dates for Bangladesh, explained simply. | H6: =LEN(G6) | I6: SSC, HSC & Admission Guides | J6: 1 | K6: Pending | L6: index, follow | M6: Pending | N6: Pending | O6: CollectionPage + ItemList + BreadcrumbList | P6: Pending | Q6: N/A | R6: Pending | S6: Pending | T6: N/A | U6: Pending | V6: Pending deploy | W6: Not started | Y6: 2026-11-15 | Z6: Article hub; grouped by SSC, HSC and Admission.
A7: ssc-2026-routine.html | B7: Article | C7: SSC | D7: https://boardexambd.com/ssc-2026-routine | E7: SSC 2026 Routine — Full Exam Schedule | BoardExamBD | F7: =LEN(E7) | G7: SSC 2026 exam routine with subject-wise dates, subject codes, 10:00 AM start time and official board instructions for all general boards. | H7: =LEN(G7) | I7: SSC 2026 Exam Routine — Full Schedule & Details | J7: 1 | K7: Pending | L7: index, follow | M7: Pending | N7: Pending | O7: Article + Organization + WebPage + BreadcrumbList + FAQPage | P7: Pending | Q7: Yes | R7: Pending | S7: Pending | T7: Pending | U7: Pending | V7: Pending deploy | W7: Not started | Y7: 2026-11-15 | Z7: Original routine notice preserved with images and rules.
A8: ssc-2026-result.html | B8: Article | C8: SSC | D8: https://boardexambd.com/ssc-2026-result | E8: SSC Result 2026 — Date & How to Check | BoardExamBD | F8: =LEN(E8) | G8: SSC and Dakhil result 2026 was published on 10 August. Check your marksheet online, by SMS or at school with this step-by-step guide. | H8: =LEN(G8) | I8: SSC Result 2026 — Date & How to Check Online & SMS | J8: 1 | K8: Pending | L8: index, follow | M8: Pending | N8: Pending | O8: Article + Organization + WebPage + BreadcrumbList + FAQPage | P8: Pending | Q8: Yes | R8: Pending | S8: Pending | T8: Pending | U8: Pending | V8: Pending deploy | W8: Not started | Y8: 2026-11-15 | Z8: Result already published; keep steps and SMS format.
A9: ssc-form-fillup-2027.html | B9: Article | C9: SSC | D9: https://boardexambd.com/ssc-form-fillup-2027 | E9: SSC Form Fill-up 2027 — Dates & Process | BoardExamBD | F9: =LEN(E9) | G9: SSC 2027 form fill-up runs through your institution. See the announced online window, fees, late fee rules and step-by-step process. | H9: =LEN(G9) | I9: SSC Form Fill-up 2027 — Dates & How to Apply | J9: 1 | K9: Pending | L9: index, follow | M9: Pending | N9: Pending | O9: Article + Organization + WebPage + BreadcrumbList + FAQPage | P9: Pending | Q9: Yes | R9: Pending | S9: Pending | T9: Pending | U9: Pending | V9: Pending deploy | W9: Not started | Y9: 2026-11-24 | Z9: Critical date window 16–23 Nov 2026; update after it closes.
A10: ssc-board-challenge-2026.html | B10: Article | C10: SSC | D10: https://boardexambd.com/ssc-board-challenge-2026 | E10: SSC Board Challenge 2026 — Fees & Result | BoardExamBD | F10: =LEN(E10) | G10: SSC board challenge 2026 applications ran 11–17 August by SMS, Tk 150 per paper, results on 10 September. See the full process and next cycle. | H10: =LEN(G10) | I10: SSC Board Challenge 2026 — Process, Fees & Result | J10: 1 | K10: Pending | L10: index, follow | M10: Pending | N10: Pending | O10: Article + Organization + WebPage + BreadcrumbList + FAQPage | P10: Pending | Q10: Yes | R10: Pending | S10: Pending | T10: Pending | U10: Pending | V10: Pending deploy | W10: Not started | Y10: 2026-11-15 | Z10: 2026 cycle complete; next update after SSC 2027 result.
A11: hsc-2026-routine.html | B11: Article | C11: HSC | D11: https://boardexambd.com/hsc-2026-routine | E11: HSC Routine 2026 — Exam Dates & Schedule | BoardExamBD | F11: =LEN(E11) | G11: HSC 2026 routine with written exam dates from 2 July to 8 August, practical exams by 15 August, and exam times for all education boards. | H11: =LEN(G11) | I11: HSC Routine 2026 — Exam Dates & Full Schedule | J11: 1 | K11: Pending | L11: index, follow | M11: Pending | N11: Pending | O11: Article + Organization + WebPage + BreadcrumbList + FAQPage | P11: Pending | Q11: Yes | R11: Pending | S11: Pending | T11: Pending | U11: Pending | V11: Pending deploy | W11: Not started | Y11: 2026-11-15 | Z11: Exams complete; keep timeline and result link current.
A12: hsc-2026-result.html | B12: Article | C12: HSC | D12: https://boardexambd.com/hsc-2026-result | E12: HSC Result 2026 — Date & How to Check | BoardExamBD | F12: =LEN(E12) | G12: HSC and Alim result 2026 was published 31 October 2026 (pass rate 52.12%, 40,084 GPA-5). Check your marksheet online at eboardresults.com or by SMS with this simple guide. | H12: =LEN(G12) | I12: HSC Result 2026 — Date & How to Check Online/SMS | J12: 1 | K12: Pending | L12: index, follow | M12: Pending | N12: Pending | O12: Article + Organization + WebPage + BreadcrumbList + FAQPage | P12: Pending | Q12: Yes | R12: Pending | S12: Pending | T12: Pending | U12: Pending | V12: Pending deploy | W12: Not started | Y12: 2026-11-07 | Z12: Result published 31 October 2026 (revised from 29 Oct); re-scrutiny window 1-7 Nov 2026.
A13: hsc-form-fillup-2027.html | B13: Article | C13: HSC | D13: https://boardexambd.com/hsc-form-fillup-2027 | E13: HSC Form Fill-up 2027 — Dates & Process | BoardExamBD | F13: =LEN(E13) | G13: HSC form fill-up 2027 is expected around February–March. See how the college-based process works, the 2026 fees and what to prepare. | H13: =LEN(G13) | I13: HSC Form Fill-up 2027 — Expected Dates & Process | J13: 1 | K13: Pending | L13: index, follow | M13: Pending | N13: Pending | O13: Article + Organization + WebPage + BreadcrumbList + FAQPage | P13: Pending | Q13: Yes | R13: Pending | S13: Pending | T13: Pending | U13: Pending | V13: Pending deploy | W13: Not started | Y13: 2026-12-15 | Z13: Expected window; update when the 2027 circular is published.
... A22: sust-admission-2026-27.html | B22: Article | C22: Admission | D22: https://boardexambd.com/sust-admission-2026-27 | E22: SUST Admission 2026-27 — Dates & Process | BoardExamBD | F22: =LEN(E22) | G22: SUST admission 2026-27 A and B unit tests, application window on admission.sust.edu.bd, eligibility and the latest circular updates. | H22: =LEN(G22) | I22: SUST Admission 2026-27 — Application & Exam Date | J22: 1 | K22: Pending | L22: index, follow | M22: Pending | N22: Pending | O22: Article + Organization + WebPage + BreadcrumbList + FAQPage | P22: Pending | Q22: Yes | R22: Pending | S22: Pending | T22: Pending | U22: Pending | V22: Pending deploy | W22: Not started | Y22: 2026-11-15 | Z22: Circular expected late Oct–Nov 2026; test expected Dec 2026.
A23: 404.html | B23: Utility | C23: Utility | D23: https://boardexambd.com/404 | E23: Page Not Found | BoardExamBD | F23: =LEN(E23) | G23: The page you requested could not be found. Browse SSC, HSC and university admission guides on BoardExamBD. | H23: =LEN(G23) | I23: Page not found | J23: 1 | K23: Pending | L23: noindex, follow | M23: Pending | N23: Pending | O23: WebPage | P23: N/A | Q23: N/A | R23: Pending | S23: Excluded | T23: N/A | U23: Pending | V23: Pending deploy | W23: Not started | Z23: noindex utility page.

Sheet Issues
A1: ID | B1: Page | C1: Issue | D1: Severity | E1: Status | F1: Fix / next action | G1: Date logged
A2: 1 | B2: Site-wide | C2: Canonical domain boardexambd.com does not resolve yet. | D2: High | E2: Open | F2: Point DNS/hosting at the production domain before launch; canonicals and sitemap already use it. | G2: 2026-10-26
A3: 2 | B3: Site-wide | C3: No GA4 property, Search Console, Bing or Pinterest verification IDs supplied. | D3: Medium | E3: Open | F3: Add real IDs to the Config sheet and the head comment block before launch. | G3: 2026-10-26
A4: 3 | B4: Site-wide | C4: Per-page OG images not designed yet; one supplied banner is used for all pages. | D4: Low | E4: Open | F4: Replace the shared og-default.jpg with per-page images when available. | G4: 2026-10-26
A5: 4 | B5: Site-wide | C5: Live validation cannot run until the site is deployed. | D5: Medium | E5: Open | F5: Run Rich Results Test, Schema Markup Validator, Lighthouse and social previews after deploy. | G5: 2026-10-26
A6: 5 | B6: hsc-2026-result.html | C6: HSC result was published on 31 October 2026 (revised from 29 Oct); page updated with pass rate, GPA-5 and SMS number. | D6: High | E6: Done | F6: Re-check the page after the 1-7 Nov 2026 re-scrutiny window closes. | G6: 2026-10-31
A7: 6 | B7: ssc-form-fillup-2027.html | C7: SSC 2027 form fill-up window is 16–23 November 2026. | D7: High | E7: Open | F7: Update the status and fee details after the window opens and closes. | G7: 2026-10-26
A8: 7 | B8: Category hubs | C8: Old sample-data routine and requirements tables were placeholders. | D8: High | E8: Done | F8: Replaced with verified summaries, timelines and admission tracker rows from the published guides. | G8: 2026-10-26
A9: 8 | B9: Site-wide | C9: Empty accidental folders with mangled names exist in the root. | D9: Low | E9: Done | F9: Confirmed empty and removed the three folders. | G9: 2026-10-26

Sheet Config
A1: Site configuration
A3: Property | B3: Value | C3: Source / note
A4: Site name | B4: BoardExamBD | C4: Brand
A5: Canonical domain | B5: https://boardexambd.com | C5: Confirmed by site owner
A6: Author | B6: BoardExamBD Editorial Team | C6: Organization schema author
A7: Default OG image | B7: https://boardexambd.com/assets/images/og-default.jpg | C7: Generated from supplied banner
A8: OG source asset | B8: BoardExamBD Educational Notices Banner.png | C8: Original file kept in project root
A9: Default OG size | B9: 1200 × 630 px | C9: Resized from 1730 × 909
A10: Language | B10: en | C10: English-only site
A11: Theme color | B11: #4F46E5 | C11: Indigo brand
A12: Google Analytics 4 | B12: Not set | C12: Add measurement ID before launch
A13: Google Search Console | B13: Not set | C13: Add verification meta before launch
A14: Bing Webmaster | B14: Not set | C14: Add verification meta before launch
... A21: Last updated | B21: 2026-10-31 | C21: HSC result published 31 October 2026; site-wide date refresh
